"Yes","19th Century British Library Newspapers","Gale Group","UofA","No","Yes","Yes","No","No","No","No","No","No","Yes","https://tal.scholarsportal.info/alberta/Nineteenth_Century_British_Library_Newspapers","Ask","Ask"
"Yes","19th Century US Newspapers","Gale Group","UofA","No","Yes","Yes","No","No","No","No","No","No","Yes","https://tal.scholarsportal.info/alberta/Nineteenth_Century_US_Newspapers","Ask","Ask"
"Yes","ABC-CLIO History Reference","ABC-CLIO","UofA","No","No","Yes","No","No","No","Yes","No","Yes","Yes","https://tal.scholarsportal.info/alberta/ABCCLIO_History_Reference","Ask","Ask"
"Yes","Access Engineering","McGraw-Hill","UofA","No","No","Yes","No","No","No","No","Yes","No","Yes","https://tal.scholarsportal.info/alberta/Access_Engineering","Ask","Ask"
"Yes","Access Medicine","McGraw-Hill","UofA_HKN","No","No","Yes","No","No","No","No","No","No","Yes","https://tal.scholarsportal.info/alberta/Access_Medicine","Ask","Ask"
"Yes","ACLS Humanities eBook","American Council of Learned Societies","UofA","No","No","Yes","No","No","No","No","No","No","Yes","https://tal.scholarsportal.info/alberta/ACLS_Humanities_eBook","Ask","Ask"
"Yes","ACM Digital Library","ACM Digital Library","UofA","No","No","Yes","No","No","No","Yes","No","Yes","Yes","https://tal.scholarsportal.info/alberta/ACM_Digital_Library","Ask","Ask"
"Yes","ACs Journals Web Ed","American Chemical Society","CRKN","Yes","Yes","Yes","No","Yes","No","Yes","Yes","Yes","Yes","https://tal.scholarsportal.info/alberta/ACs_Journals_Web_Ed","Ask","Ask"
"Yes","Adam Mathew","Adam Matthew","UofA","Yes","No","Yes","No","No","No","Yes","No","Yes","Yes","https://tal.scholarsportal.info/alberta/adam_mathew","Ask","Ask"
"Yes","Adam Matthew Digital","Adam Matthew","CRKN","Yes","Yes","Yes","Yes","Yes","No","Yes","No","Yes","Yes","https://tal.scholarsportal.info/alberta/Adam_Matthew_Digital","Ask","Ask"
"Yes","AgEcon","University of Minnesota Department of Applied Economics","UofA","No","No","Yes","No","No","No","Yes","No","Yes","Yes","https://tal.scholarsportal.info/alberta/AgEcon","Ask","Ask"
"Yes","Alexander Street Press","Alexander Street Press","UofA","No","No","Yes","No","Yes","No","Ask","No","Ask","Yes","https://tal.scholarsportal.info/alberta/Alexander_Street_Press","Ask","Ask"
"Yes","Alexander Street Press [CRKN]","Alexander Street Press/Gibson Library Connections","UofA","Yes","Yes","Yes","No","Yes","No","Ask","Ask","Ask","Yes","https://tal.scholarsportal.info/alberta/Alexander_Street_Press_CRKN","Ask","Ask"
"Yes","American Academy of Pediatrics","American Academy of Pediatrics","UofA","Yes","Yes","Yes","No","Yes","No","Yes","No","Yes","Yes","https://tal.scholarsportal.info/alberta/American_Academy_of_Pediatrics","Ask","Ask"
"Yes","American Accounting Association","American Accounting Association","UofA","Yes","Yes","Yes","No","No","No","Ask","No","Ask","Yes","https://tal.scholarsportal.info/alberta/American_Accounting_Association","Ask","Ask"
"Yes","American Association for Cancer Research","American Association for Cancer Research","UofA","No","No","Yes","No","No","No","Yes","No","Yes","Yes","https://tal.scholarsportal.info/alberta/AmericanAssociationCancerResearch","Ask","Ask"
"Yes","American Chemical Society Web Editions","American Chemical Society","CRKN","Yes","Yes","Yes","No","Yes","No","Yes","Yes","Yes","Yes","https://tal.scholarsportal.info/alberta/American_Chemical_Society_Web_Editions","Ask","Ask"
"Yes","American College of Chest Physicians","American College of Chest Physicians","UofA","No","No","Yes","No","No","No","Yes","No","Yes","Yes","https://tal.scholarsportal.info/alberta/American_College_of_Chest_Physicians","Ask","Ask"
"Yes","American Dental Association","American Dental Association","UofA","No","No","Yes","No","No","No","Ask","No","Ask","Yes","https://tal.scholarsportal.info/alberta/American_Dental_Association","Ask","Ask"
"Yes","American Dental Education Association","American Dental Education Association","UofA","No","No","Yes","No","No","No","Ask","No","Ask","Yes","https://tal.scholarsportal.info/alberta/American_Dental_Education_Association","Ask","Ask"
"Yes","American Diabetes Association","American Diabetes Association","UofA","No","No","Yes","No","No","No","No","No","No","Yes","https://tal.scholarsportal.info/alberta/American_Diabetes_Association","Ask","Ask"
"Yes","American Economic Association","American Economic Association","UofA","Yes","Yes","Yes","No","No","No","No","No","No","Yes","https://tal.scholarsportal.info/alberta/American_Economic_Association","Ask","Ask"
"Yes","American Heart Association","American Heart Association","UofA","No","No","Yes","No","No","No","Yes","No","Yes","Yes","https://tal.scholarsportal.info/alberta/American_Heart_Association","Ask","Ask"
"Yes","American Institute of Aeronautics and Astronautics","American Institute of Aeronautics and Astronautics","UofA","No","No","Yes","No","Yes","No","Ask","No","Ask","No","https://tal.scholarsportal.info/alberta/American_Institute_of_Aeronautics_and_Astronautics","Ask","Ask"
"Yes","American Institute of Mathematical Sciences","American Institute of Mathematical Sciences","UofA","No","No","Yes","No","No","No","Yes","No","Yes","Yes","https://tal.scholarsportal.info/alberta/American_Institute_of_Mathematical_Sciences","Ask","Ask"
"Yes","American Institute of Physics","American Institute of Physics","UofA","Yes","Yes","Yes","No","Yes","No","Ask","No","Ask","Yes","https://tal.scholarsportal.info/alberta/American_Institute_of_Physics","Ask","Ask"
"Yes","American Mathematical Society","American Mathematical Society","UofA","No","No","Yes","No","No","No","Yes","No","No","Yes","https://tal.scholarsportal.info/alberta/American_Mathematical_Society","Ask","Ask"
"Yes","American Medical Association","American Medical Association","UofA","Yes","No","Yes","No","No","No","Ask","No","Ask","Yes","https://tal.scholarsportal.info/alberta/American_Medical_Association","Ask","Ask"
"Yes","American Meteorological Society","American Meteorological Society","UofA","No","No","Yes","No","No","No","Ask","No","Ask","Yes","https://tal.scholarsportal.info/alberta/American_Meteorological_Society","Ask","Ask"
"Yes","American Museum of Natural History Library","","","No","No","Yes","No","No","No","Yes","No","Yes","Yes","https://tal.scholarsportal.info/alberta/American_Museum_NH","Ask","Ask"
"Yes","American Physical Society Journals","American Physical Society","UofA","Yes","Yes","Yes","No","No","No","Ask","No","Ask","Yes","https://tal.scholarsportal.info/alberta/American_Physical_Society_Journals","Ask","Ask"
"Yes","American Physiological Society","American Physiological Society","UofA","No","No","Yes","No","No","No","Yes","No","Yes","Yes","https://tal.scholarsportal.info/alberta/American_Physiological_Society","Ask","Ask"
"Yes","American Phytopathological Society","American Phytopathological Society","UofA","No","No","Yes","No","No","No","Ask","No","Ask","Yes","https://tal.scholarsportal.info/alberta/American_Phytopathological_Society","Ask","Ask"
"Yes","American Psychiatric Publishing","PsychiatryOnline Journals","UofA","No","No","Yes","No","No","No","Yes","No","Yes","Yes","https://tal.scholarsportal.info/alberta/American_Psychiatric_Publishing","Ask","Ask"
"Yes","American Roentgen Ray Society","American Roentgen Ray Society","UofA","No","No","Yes","No","No","No","Yes","No","Yes","Yes","https://tal.scholarsportal.info/alberta/American_Roentgen_Ray_Society","Ask","Ask"
"Yes","American Society for Cell Biology","American Society for Cell Biology","UofA","No","No","Yes","No","No","No","Yes","No","Yes","Yes","https://tal.scholarsportal.info/alberta/American_Society_Cell_Biology","Ask","Ask"
"Yes","American Society for Clinical Pathology","American Society for Clinical Pathology","","No","No","Yes","No","No","No","Yes","No","Yes","Yes","https://tal.scholarsportal.info/alberta/American_Society_Clinical_Pathology","Ask","Ask"
"Yes","American Society For Horticultural Science","","","No","No","Yes","No","No","No","Yes","No","Yes","Yes","https://tal.scholarsportal.info/alberta/American_Society_Horticultural_Science","Ask","Ask"
"Yes","American Society for Microbiology","American Society for Microbiology","UofA","No","No","Yes","No","No","No","Ask","No","Ask","Yes","https://tal.scholarsportal.info/alberta/American_Society_for_Microbiology","Ask","Ask"
"Yes","American Society for Pharmacology and Experimental Therapeutics","","UofA","No","No","Yes","No","No","No","Yes","Yes","Yes","Yes","https://tal.scholarsportal.info/alberta/American_Society_Pharmacology_Experimental_Therapeutics","Ask","Ask"
"Yes","American Society of Civil Engineers","American Society of Civil Engineers","UofA","No","No","Yes","No","No","No","No","No","No","Yes","https://tal.scholarsportal.info/alberta/American_Society_of_Civil_Engineers","Ask","Ask"
"Yes","American Society of Clinical Oncology","American Society of Clinical Oncology","UofA","No","No","Yes","No","No","No","No","No","No","Yes","https://tal.scholarsportal.info/alberta/American_Society_Clinical_Oncology","Ask","Ask"
"Yes","American Society of Hematology","American Society of Hematology","UofA","No","No","Yes","No","No","No","Yes","No","Yes","Yes","https://tal.scholarsportal.info/alberta/American_Society_of_Hematology","Ask","Ask"
"Yes","American Society of Plant Biologists","American Society of Plant Biologists","UofA","Yes","Yes","Yes","No","No","No","Yes","No","Yes","Yes","https://tal.scholarsportal.info/alberta/American_Society_of_Plant_Biologists","Ask","Ask"
"Yes","American Speech Language Hearing Association","American Speech Language Hearing Association","UofA","No","No","Yes","No","No","No","No","No","No","Yes","https://tal.scholarsportal.info/alberta/American_Speech_Language_Hearing_Association","Ask","Ask"
"Yes","American Statistical Association Publications","American Statistical Association","UofA","Yes","No","Yes","No","No","No","Yes","No","Yes","Yes","https://tal.scholarsportal.info/alberta/American_Statistical_Association_Publications","Ask","Ask"
"Yes","Ammons Scientific","Ammons Scientific","UofA","No","No","Yes","No","No","No","No","No","Yes","Yes","https://tal.scholarsportal.info/alberta/Ammons","Ask","Ask"
"Yes","Annual Reviews","Annual Reviews","UofA","No","No","Yes","No","No","No","Yes","No","Yes","Yes","https://tal.scholarsportal.info/alberta/Annual_Reviews","Ask","Ask"
"Yes","ARTstor Digital Library","","CRKN","Yes","Yes","Yes","No","No","No","No","No","No","Yes","https://tal.scholarsportal.info/alberta/ARTstor_Digital_Library","Ask","Ask"
"Yes","ASAE","American Society of Agricultural Engineers","UofA","Yes","Yes","Yes","No","No","No","Yes","No","Yes","Yes","https://tal.scholarsportal.info/alberta/ASAE","Ask","Ask"
"Yes","ASME","American Society of Mechanical Engineers","UofA","No","No","Yes","No","No","No","No","No","No","Yes","https://tal.scholarsportal.info/alberta/ASME","Ask","Ask"
"Yes","Association of Learned and Professional Society Publishers (ALPSP) Learned Journals Collection","Swets Information Services","CRKN","Yes","Yes","Yes","Yes","Yes","No","Yes","No","Yes","Yes","https://tal.scholarsportal.info/alberta/Association_of_Learned_and_Professional_Society_Publishers_Learned_Journals_Collection","Ask","Ask"
"Yes","Astrophysics Data System","SAO/NASA","UofA","No","No","Yes","No","No","No","No","No","No","Yes","https://tal.scholarsportal.info/alberta/Astrophysics_Data_System","Ask","Ask"
"Yes","Austlii Journals","Austlii Journals","UofA","No","No","Yes","No","No","No","Yes","No","Yes","Yes","https://tal.scholarsportal.info/alberta/Austlii_Journals","Ask","Ask"
"Yes","Austrian Literature Online","Austrian Literature Online","UofA","Yes","Yes","Yes","No","No","No","Yes","No","Yes","Yes","https://tal.scholarsportal.info/alberta/Austrian_Literature_Online","Ask","Ask"
"Yes","BDSL (Bibliographie des deutschen Sprach- und Literaturwissenschaft )","BDSL","UofA","No","No","Yes","No","No","No","No","No","No","Yes","https://tal.scholarsportal.info/alberta/BDSL","Ask","Ask"
"Yes","Begell House","EDC Electronic Data Center","UofA","No","No","Yes","No","No","No","Yes","No","Yes","Yes","https://tal.scholarsportal.info/alberta/Begell_House","Ask","Ask"
"Yes","Bentham Open","Bentham","UofA","Yes","Yes","Yes","No","No","No","Ask","Ask","Ask","Yes","https://tal.scholarsportal.info/alberta/bentham_open","Ask","Ask"
"Yes","Biblioteca Virtual Miguel de Cervantes","FundaciÃ³n Biblioteca Virtual Miguel de Cervantes","UofA","No","No","Yes","No","No","No","Yes","No","Yes","Yes","https://tal.scholarsportal.info/alberta/Biblioteca_Virtual_Miguel_de_Cervantes","Ask","Ask"
"Yes","Bioline International","Bioline International","UofA","Yes","Yes","Yes","No","No","No","Yes","No","Yes","Yes","https://tal.scholarsportal.info/alberta/Bioline_International","Ask","Ask"
"Yes","BioMed Central","BioMed Central","UofA","No","No","Yes","No","No","No","No","No","No","Yes","https://tal.scholarsportal.info/alberta/BioMed_Central","Ask","Ask"
"Yes","BioOne","BioOne","","No","Yes","Yes","No","No","No","Yes","No","Yes","Yes","https://tal.scholarsportal.info/alberta/BioOne","Ask","Ask"
"Yes","Blackwell Digitized Journal Backfiles","Blackwell","CRKN","Yes","Yes","Yes","No","Yes","No","Yes","No","Yes","Yes","https://tal.scholarsportal.info/alberta/Blackwell_Digitized_Journal_Backfiles","Ask","Ask"
"Yes","Bloomsbury Collections","Bloomsbury Publishing","UofA","No","No","Yes","No","No","No","Yes","Yes","Yes","Yes","https://tal.scholarsportal.info/alberta/Bloomsbury_Collections","Ask","Ask"
"Yes","BMJ","BMJ Publishing Group","UofA","Yes","Yes","Yes","No","Yes","No","Yes","No","Yes","Yes","https://tal.scholarsportal.info/alberta/BMJ","Ask","Ask"
"Yes","Books 24x7","Books24x7","UofA_COPPUL","No","No","Yes","No","No","No","No","No","No","Yes","https://tal.scholarsportal.info/alberta/Books_24x7","Ask","Ask"
"Yes","Books 24x7 ebooks","Books24x7","UofA","No","No","Yes","No","No","No","No","No","No","Yes","https://tal.scholarsportal.info/alberta/Books_24x7_UA","Ask","Ask"
"Yes","Botanicus","Botanicus","UofA","Yes","Yes","Yes","No","No","No","Yes","No","Yes","Yes","https://tal.scholarsportal.info/alberta/Botanicus","Ask","Ask"
"Yes","Brepols - UofA","Brepols Publishers","UofA","No","No","Yes","No","No","No","Yes","Yes","Yes","Yes","https://tal.scholarsportal.info/alberta/Brepols","Ask","Ask"
"Yes","Brill Journals","Brill","UofA","Yes","Yes","Yes","No","No","No","Yes","No","Yes","Yes","https://tal.scholarsportal.info/alberta/Brill_Journals","Ask","Ask"
"Yes","Brill Online Reference","Brill","UofA","Yes","Yes","Yes","No","No","No","Ask","Ask","Ask","Yes","https://tal.scholarsportal.info/alberta/Brill_Reference","Ask","Ask"
"Yes","British Institute of Radiology","British Institute of Radiology","UofA","No","No","Yes","No","No","No","No","No","No","Yes","https://tal.scholarsportal.info/alberta/British_Institute_of_Radiology","Ask","Ask"
"Yes","Burney Collection Newspapers","Gale Group","UofA","No","Yes","Yes","No","No","No","No","No","No","Yes","https://tal.scholarsportal.info/alberta/Burney_Collection_Newspapers","Ask","Ask"
"Yes","Business & Industry","Gale Group","UofA","No","Yes","Yes","No","No","No","No","No","No","Yes","https://tal.scholarsportal.info/alberta/Business_Industry","Ask","Ask"
"Yes","CAIRN - Bouquet GÃ©nÃ©ral","CAIRN","CRKN","Yes","Yes","Yes","No","Yes","No","Yes","No","Yes","Yes","https://tal.scholarsportal.info/alberta/CAIRN_Bouquet_General","Ask","Ask"
"Yes","Cambridge Books","","","Yes","Yes","Yes","No","No","No","Ask","No","Ask","Yes","https://tal.scholarsportal.info/alberta/Cambridge_Books_Online_COPPUL","Ask","Ask"
"Yes","Cambridge Books Online","Cambridge University Press","UofA","Yes","Yes","Yes","No","Yes","No","Ask","Ask","Ask","Yes","https://tal.scholarsportal.info/alberta/Cambridge_Books_Online","Ask","Ask"
"Yes","Cambridge Histories Online [COPPUL]","Cambridge University Press","COPPUL","Yes","Yes","Yes","No","No","No","Yes","No","Yes","Yes","https://tal.scholarsportal.info/alberta/Cambridge_Histories_Online","Ask","Ask"
"Yes","Cambridge Journals Online","Cambridge University Press","CRKN","Yes","Yes","Yes","Yes","Yes","No","Yes","Yes","Yes","Yes","https://tal.scholarsportal.info/alberta/Cambridge_Journals_Online","Yes","Yes"
"Yes","Canada's Heritage Globe and Mail 1844+","Micromedia Proquest","CRKN","No","Yes","Yes","No","Yes","No","Yes","No","Yes","Yes","https://tal.scholarsportal.info/alberta/Canadas_Heritage_Globe_and_Mail_1844_plus","Ask","Ask"
"Yes","Canadian Mathematical Society","Canadian Mathematical Society","UofA","No","No","Yes","No","No","No","No","No","No","Yes","https://tal.scholarsportal.info/alberta/Canadian_Mathematical_Society","Ask","Ask"
"Yes","Canadian Medical Association","Canadian Medical Association","UofA","No","No","Yes","No","No","No","Yes","No","Yes","Yes","https://tal.scholarsportal.info/alberta/Canadian_Medical_Association","Ask","Ask"
"Yes","Canadian Publishers Collection","Gibson Library Connections","CRKN","Yes","No","Yes","No","Yes","No","Yes","No","Yes","Yes","https://tal.scholarsportal.info/alberta/Canadian_Publishers_Collection","Ask","Ask"
"Yes","Carl Hanser Verlag","Carl Hanser","UofA","No","No","Yes","No","No","No","No","No","No","Yes","https://tal.scholarsportal.info/alberta/Hanser","No","No"
"Yes","CBCA Complete","ProQuest","UofA_LHCADL","Yes","Yes","Yes","No","No","No","Ask","Ask","Yes","Yes","https://tal.scholarsportal.info/alberta/CBCA_Complete","Ask","Ask"
"Yes","Cell Press","Elsevier","UofA","No","No","Yes","No","No","No","Yes","No","Yes","Yes","https://tal.scholarsportal.info/alberta/Cell_Press","Ask","Ask"
"Yes","Central and Eastern European Online Library - CEEOL","CEEOL","UofA","No","Yes","Yes","No","No","No","Yes","No","Yes","Yes","https://tal.scholarsportal.info/alberta/CEEOL","No","No"
"Yes","China Academic Journals","East View Information Services","UofA","Yes","Yes","Yes","No","Yes","No","Yes","No","Yes","Yes","https://tal.scholarsportal.info/alberta/China_Academic_Journals","Ask","Ask"
"Yes","Classical Scores Library","Alexander Street Press/Gibson Library Connections","CRKN","Yes","Yes","Yes","Ask","Yes","No","Yes","No","Yes","Yes","https://tal.scholarsportal.info/alberta/Classical_Scores_Library","Ask","Ask"
"Yes","Clinical Chemistry","American Association for Clinical Chemistry","UofA","No","No","Yes","No","No","No","Ask","Ask","Ask","Yes","https://tal.scholarsportal.info/alberta/Clinical_Chemistry","Ask","Ask"
"Yes","Clinical Key","Elsevier","UofA_HKN","Yes","Yes","Yes","No","No","No","Ask","No","Ask","Yes","https://tal.scholarsportal.info/alberta/clinical_key","Ask","Ask"
"Yes","CLOCKSS","[Generic]","UofA","No","No","Yes","No","No","No","No","No","No","Yes","https://tal.scholarsportal.info/alberta/CLOCKSS","Ask","Ask"
"Yes","CogNet","MIT Press","UofA","No","No","Yes","No","No","No","Yes","No","Yes","Yes","https://tal.scholarsportal.info/alberta/CogNet","Ask","Ask"
"Yes","Cold Spring Harbor Protocols","Cold Spring Harbor Laboratory Press","UofA","Yes","Yes","Yes","No","No","No","Yes","No","Yes","Yes","https://tal.scholarsportal.info/alberta/Cold_Spring_Harbor_Protocols","Ask","Ask"
"Yes","Columbia International Affairs Online","Columbia University Press","UofA","No","No","Yes","No","No","No","Yes","No","Yes","Yes","https://tal.scholarsportal.info/alberta/Columbia_International_Affairs_Online","Ask","Ask"
"Yes","Company of Biologists","Company of Biologists","UofA","No","No","Yes","No","Yes","No","Yes","No","Yes","Yes","https://tal.scholarsportal.info/alberta/Company_of_Biologists","Ask","Ask"
"Yes","Contemporary Women's Issues","Gale Group","UofA","No","Yes","Yes","No","No","No","No","No","No","Yes","https://tal.scholarsportal.info/alberta/Contemporary_Womens_Issues","Ask","Ask"
"Yes","CPI.Q","Gale Cengage Learning","UofA_TAL","Yes","Yes","Yes","No","No","No","Yes","No","Yes","Yes","https://tal.scholarsportal.info/alberta/Gale_TAL","Ask","Ask"
"Yes","CRCnetBASE","Taylor and Francis Group","UofA","No","No","Yes","No","No","No","No","No","No","Yes","https://tal.scholarsportal.info/alberta/CRCnetBASE","Ask","Ask"
"Yes","CSIRO","CSIRO","UofA","No","No","Yes","No","No","No","Yes","No","Yes","Yes","https://tal.scholarsportal.info/alberta/CSIRO","Ask","Ask"
"Yes","De Gruyter Online Journals","De Gruyter","UofA","No","Yes","Yes","No","No","No","Yes","No","Yes","Yes","https://tal.scholarsportal.info/alberta/De_Gruyter_Online_Journals","Ask","Ask"
"Yes","Default","","UofA","No","No","Yes","No","No","No","Yes","No","Yes","Yes","https://tal.scholarsportal.info/alberta/Default","Ask","Ask"
"Yes","Digital Himalaya","Cambridge University Press","UofA","No","No","Yes","No","No","No","Yes","No","Yes","Yes","https://tal.scholarsportal.info/alberta/Digital_Himalaya","Ask","Ask"
"Yes","Dove Press","Dove Press","UofA","No","No","Yes","No","No","No","Yes","No","Yes","Yes","https://tal.scholarsportal.info/alberta/Dove_Press","Ask","Ask"
"Yes","Duke University Press","Duke University Press","UofA","No","No","Yes","No","Yes","No","Yes","No","Yes","Yes","https://tal.scholarsportal.info/alberta/Duke_University_Press","Ask","Ask"
"Yes","Duke University Press Ebooks","Duke University Press","COPPUL","No","No","Yes","No","Yes","No","Yes","No","Yes","Yes","https://tal.scholarsportal.info/alberta/Duke_University_Press_ebooks","Ask","Ask"
"Yes","E-Journal","","UofA","Yes","Yes","Yes","No","No","No","Yes","No","Yes","Yes","https://tal.scholarsportal.info/alberta/journal","Ask","Ask"
"Yes","Early Canadiana Online","Canadiana.org","CRKN","Yes","Yes","Yes","Ask","Yes","No","Yes","No","Yes","Yes","https://tal.scholarsportal.info/alberta/Early_Canadiana_Online","Ask","Ask"
"Yes","East View Publications","East View Information Services","UofA","No","Yes","Yes","No","No","No","Yes","No","Yes","Yes","https://tal.scholarsportal.info/alberta/East_View_Publications","Ask","Ask"
"Yes","Ebrary","ebrary","UofA_COPPUL","No","No","Yes","No","No","No","No","No","No","Yes","https://tal.scholarsportal.info/alberta/Ebrary","Ask","Ask"
"Yes","EBSCO","EBSCO Publishing","UofA_COPPUL","No","No","Yes","No","No","No","Yes","No","Yes","Yes","https://tal.scholarsportal.info/alberta/ebsco_coppul","Ask","Ask"
"Yes","EBSCOhost","EBSCO Publishing","UofA","No","No","Yes","No","No","No","Yes","No","Yes","Yes","https://tal.scholarsportal.info/alberta/ebsco_ua","Ask","Ask"
"Yes","Ebscohost","EBSCO Publishing","","No","No","Yes","No","No","No","Ask","No","Ask","Yes","https://tal.scholarsportal.info/alberta/ebsco_tal","Ask","Ask"
"Yes","Ebscohost - LHCADL","EBSCO Publishing","","No","Yes","Yes","No","No","No","Ask","No","Ask","Yes","https://tal.scholarsportal.info/alberta/EBSCOhost_LHCADL","Ask","Ask"
"Yes","Ebscohost Library","EBSCO Publishing","UofA","No","No","Yes","No","No","No","Yes","No","Yes","Yes","https://tal.scholarsportal.info/alberta/ebsco_library","Ask","Ask"
"Yes","Ecological Society of America","Ecological Society of America","UofA","No","No","Yes","No","No","No","Yes","No","Yes","Yes","https://tal.scholarsportal.info/alberta/Ecological_Society_of_America","Ask","Ask"
"Yes","Economist Historical Archive","Gale Group","UofA","No","Yes","Yes","No","No","No","No","No","No","Yes","https://tal.scholarsportal.info/alberta/Economist_Historical_Archive","Ask","Ask"
"Yes","Edinburgh University Press","Edinburgh University Press","UofA","No","No","Yes","No","No","No","Ask","No","Ask","Yes","https://tal.scholarsportal.info/alberta/Edinburgh_University_Press","Ask","Ask"
"Yes","EDITLIB","EdITLib","","No","No","Yes","No","No","No","Yes","No","No","Yes","https://tal.scholarsportal.info/alberta/editlib","Ask","Ask"
"Yes","EDP Sciences","EDP Sciences","UofA","No","No","Yes","No","No","No","Yes","No","Yes","Yes","https://tal.scholarsportal.info/alberta/EDP_Sciences","Ask","Ask"
"Yes","EI Village","Elsevier","UofA","No","No","Yes","No","No","No","Ask","No","Ask","Yes","https://tal.scholarsportal.info/alberta/EI_Village","Ask","Ask"
"Yes","Eighteenth Century Collections Online","Gale Cengage Learning","CRKN","Yes","Yes","Yes","No","Yes","No","Yes","No","Yes","Yes","https://tal.scholarsportal.info/alberta/Eighteenth_Century_Collections_Online","Ask","Ask"
"Yes","EIU Country Reports Viewswire","Economist Intelligence Unit","CRKN","Yes","Yes","Yes","No","No","No","Yes","No","Yes","Yes","https://tal.scholarsportal.info/alberta/EIU_Country_Reports_Viewswire","Ask","No"
"Yes","Electrochemical Society","Electrochemical Society","UofA","No","No","Yes","No","No","No","Yes","No","Yes","Yes","https://tal.scholarsportal.info/alberta/Electrochemical_Society","Ask","Ask"
"Yes","Elsevier Science Direct Ebooks","Elsevier","UofA","No","No","Yes","No","No","No","Ask","No","Ask","Yes","https://tal.scholarsportal.info/alberta/Elsevier_Science_Direct_Ebooks","Ask","Ask"
"Yes","Elsevier ScienceDirect","Elsevier","CRKN","Yes","Yes","Yes","No","Yes","No","Yes","Yes","Yes","Yes","https://tal.scholarsportal.info/alberta/ScienceDirect","Yes","Yes"
"Yes","Emerald Press","Emerald Group","UofA_COPPUL","No","No","Yes","No","No","No","Ask","No","Ask","Yes","https://tal.scholarsportal.info/alberta/Emerald_Press","Ask","Ask"
"Yes","Endocrine Society","Endocrine Society","UofA","No","No","Yes","No","No","No","Ask","No","Ask","Yes","https://tal.scholarsportal.info/alberta/EndocrineSociety","Ask","Ask"
"Yes","Erudit","Erudit Consortium","UofA","Yes","Yes","Yes","Yes","No","No","Yes","No","Yes","Yes","https://tal.scholarsportal.info/alberta/Erudit","Ask","Ask"
"Yes","Erudit Scholarly Journals Collection","Consortium Erudit","CRKN","Yes","Yes","Yes","Yes","Yes","No","Yes","Yes","Yes","Yes","https://tal.scholarsportal.info/alberta/Erudit_Scholarly_Journals_Collection","Yes","Yes"
"Yes","Expert Reviews","Expert Reviews","UofA","No","Yes","Yes","No","No","No","Ask","Ask","Ask","Yes","https://tal.scholarsportal.info/alberta/Expert_Reviews","Ask","Ask"
"Yes","Factiva","Dow Jones","UofA","Yes","Yes","Yes","No","No","No","Yes","No","Yes","Yes","https://tal.scholarsportal.info/alberta/Factiva","Ask","Ask"
"Yes","Federation of American Societies for Experimental Biology","Federation of American Societies for Experimental Biology","","No","No","Yes","No","No","No","Yes","No","Yes","Yes","https://tal.scholarsportal.info/alberta/FASEB","Ask","Ask"
"Yes","Franz Steinger Verlag","Franz Steinger Verlag","UofA","Yes","Yes","Yes","No","No","No","Ask","No","Ask","Yes","https://tal.scholarsportal.info/alberta/FranzSteinger","Ask","Ask"
"Yes","Fuente Academica","EBSCO Publishing","UofA","No","No","Yes","No","No","No","No","No","No","Yes","https://tal.scholarsportal.info/alberta/Fuente_Academica","Ask","Ask"
"Yes","Future Medicine","Future Medicine","","No","No","Yes","No","No","No","No","No","No","Yes","https://tal.scholarsportal.info/alberta/Future_Medicine","Ask","Ask"
"Yes","Gale","Gale Group","UofA","Yes","Yes","Yes","No","No","No","No","No","No","Yes","https://tal.scholarsportal.info/alberta/Gale","Ask","Ask"
"Yes","Gale (LHCADL)","Gale Group","UofA_LHCADL","Yes","Yes","Yes","No","No","No","Yes","No","Yes","Yes","https://tal.scholarsportal.info/alberta/Gale_LHCADL","Ask","Ask"
"Yes","Geographical Association","Geographical Association","UofA","No","No","Yes","No","No","No","No","No","No","Yes","https://tal.scholarsportal.info/alberta/Geographical_Association","Ask","Ask"
"Yes","Geological Society of America","Geological Society of America","UofA","Yes","Yes","Yes","No","No","No","Ask","No","Ask","Yes","https://tal.scholarsportal.info/alberta/Geological_Society_America","Ask","Ask"
"Yes","Geological Society of London","Geological Society of London","","No","No","Yes","No","No","No","Yes","No","Yes","Yes","https://tal.scholarsportal.info/alberta/Geological_Society_London","Ask","Ask"
"Yes","GeoScienceWorld","GeoScience","UofA","No","No","Yes","No","No","No","Ask","No","Ask","Yes","https://tal.scholarsportal.info/alberta/GeoScienceWorld","Ask","Ask"
"Yes","Global Resources","Center for Research Libraries","CRKN","Yes","Yes","Yes","Yes","Yes","No","Yes","No","Yes","Yes","https://tal.scholarsportal.info/alberta/Global_Resources","Ask","Ask"
"Yes","Guilford","Guilford","UofA","No","No","Yes","No","No","No","Ask","No","Ask","Yes","https://tal.scholarsportal.info/alberta/Guilford","Ask","Ask"
"Yes","Harmatheque Books","Harmatheque","UofA","Yes","Yes","Yes","No","No","No","Yes","No","Yes","Yes","https://tal.scholarsportal.info/alberta/Harmatheque","Ask","Ask"
"Yes","Hart Publishing","Hart Publishing","UofA","No","No","Yes","No","No","No","Ask","No","Ask","Yes","https://tal.scholarsportal.info/alberta/Hart_Publishing","Ask","Ask"
"Yes","Harvard Business Review (part of Business Source Complete)","EBSCO Publishing","UofA","No","No","No","No","No","No","No","No","No","Yes","https://tal.scholarsportal.info/alberta/hbr","Ask","Ask"
"Yes","Hein Online","Hein Online","UofA","No","No","Yes","No","No","No","No","No","No","Yes","https://tal.scholarsportal.info/alberta/Hein_Online","Ask","Ask"
"Yes","Henry Stewart","Henry Stewart","UofA","No","No","Yes","No","No","No","No","No","No","Yes","https://tal.scholarsportal.info/alberta/Henry_Stewart","Ask","Ask"
"Yes","HighWire Press","HighWire Press","UofA","No","No","Yes","No","No","No","No","No","No","Yes","https://tal.scholarsportal.info/alberta/HighWire_Press","Ask","Ask"
"Yes","Historical Jewish Press","Historical Jewish Press","UofA","No","No","Yes","No","No","No","No","No","No","Yes","https://tal.scholarsportal.info/alberta/Historical_Jewish_Press","Ask","Ask"
"Yes","Historical Newspapers Optional Offer","Micromedia Proquest","CRKN","No","Yes","Yes","No","Yes","No","Yes","No","Yes","Yes","https://tal.scholarsportal.info/alberta/Historical_Newspapers_Optional_Offer","Yes","Yes"
"Yes","Historical Newspapers Primary Offer","Micromedia Proquest","CRKN","No","Yes","Yes","No","Yes","No","Yes","No","Yes","Yes","https://tal.scholarsportal.info/alberta/Historical_Newspapers_Primary_Offer","Yes","Yes"
"Yes","Hodder Arnold","Hodder Arnold","UofA","No","No","Yes","No","No","No","No","No","No","Yes","https://tal.scholarsportal.info/alberta/Hodder_Arnold","Ask","Ask"
"Yes","Hogrefe Huber Journals","Hogrefe Huber Journals","UofA","No","No","Yes","No","No","No","No","No","No","Yes","https://tal.scholarsportal.info/alberta/Hogrefe_Huber_Journals","Ask","Ask"
"Yes","House Of Commons Parliamentary Papers (CRKN)","ProQuest","CRKN","No","Yes","Yes","No","Yes","No","Yes","No","Yes","Yes","https://tal.scholarsportal.info/alberta/HCPP","Yes","Yes"
"Yes","Human Kinetics","National Association for Kinesiology and Physical Education in Higher Education","UofA","No","No","Yes","No","No","No","No","No","No","Yes","https://tal.scholarsportal.info/alberta/Human_Kinetics","Ask","Ask"
"Yes","ICE","ICE","UofA","No","No","Yes","No","No","No","No","No","No","Yes","https://tal.scholarsportal.info/alberta/ICE","Ask","Ask"
"Yes","IEEE Wiley eBooks Library","IEEE","UofA","No","No","Yes","No","No","No","No","No","No","Yes","https://tal.scholarsportal.info/alberta/IEEE_Wiley_eBooks_Library","Ask","Ask"
"Yes","IEEE Xplore","IEEE","UofA","No","No","Yes","No","No","No","Yes","No","Yes","Yes","https://tal.scholarsportal.info/alberta/IEEE_Xplore","Ask","Ask"
"Yes","IET Digital Library Ebooks","IET","UofA","No","No","Yes","No","No","No","Ask","No","Ask","Yes","https://tal.scholarsportal.info/alberta/IETDigitalLibraryEbooks","Ask","Ask"
"Yes","Inderscience","Inderscience","UofA","No","Yes","Yes","No","No","No","Yes","No","Yes","Yes","https://tal.scholarsportal.info/alberta/Inderscience","Ask","Ask"
"Yes","Informa Healthcare Journals Online","Informa Healthcare","CRKN","Yes","Yes","Yes","Yes","Yes","No","Yes","No","Yes","Yes","https://tal.scholarsportal.info/alberta/Informa_Healthcare_Journals_Online","Ask","Ask"
"Yes","Informit","RMIT Publishing","UofA","No","No","Yes","No","No","No","Yes","No","Yes","Yes","https://tal.scholarsportal.info/alberta/Informit","Ask","Ask"
"Yes","Informit (Indigenous Collections)","RMIT Publishing","UofA","Yes","No","Yes","No","No","No","Yes","No","Yes","Yes","https://tal.scholarsportal.info/alberta/Informit_Indigenous","Ask","Ask"
"Yes","Informs","Informs","","No","No","Yes","No","No","No","Yes","No","No","Yes","https://tal.scholarsportal.info/alberta/informs","Ask","Ask"
"Yes","Ingenta Connect Journals","Ingenta","UofA","No","No","Yes","No","No","No","Yes","No","Yes","Yes","https://tal.scholarsportal.info/alberta/ingenta","Ask","Ask"
"Yes","Ingram Digital E-books","Ingram","CRKN","Yes","Yes","Yes","Yes","Yes","No","Yes","No","Yes","Yes","https://tal.scholarsportal.info/alberta/Ingram_Digital_Ebooks","Ask","Ask"
"Yes","Institute of Mathematics Polish Academy of Sciences","Institute of Mathematics Polish Academy of Sciences","UofA","No","No","Yes","No","No","No","No","No","No","Yes","https://tal.scholarsportal.info/alberta/Institute_of_Mathematics_Polish_Academy_of_Sciences","Ask","Ask"
"Yes","Institute of Noise Control Engineering","Institute of Noise Control (INCE)","UofA","No","No","Yes","No","No","No","Ask","No","Ask","Yes","https://tal.scholarsportal.info/alberta/institute_noise_control","Ask","Ask"
"Yes","Institutional Investor","Institutional Investor","UofA","No","No","Yes","No","No","No","Ask","No","Ask","Yes","https://tal.scholarsportal.info/alberta/institutional_investor","Ask","Ask"
"Yes","Intelex Past Masters","InteLex Corporation/Gibson Library Connections","CRKN","Yes","Yes","Yes","No","Yes","No","Yes","No","Yes","Yes","https://tal.scholarsportal.info/alberta/Intelex_Past_Masters","Ask","Ask"
"Yes","International Consortium for the Advancement of Academic Publication","International Consortium for the Advancement of Academic Publication","UofA","No","No","Yes","No","No","No","No","No","No","Yes","https://tal.scholarsportal.info/alberta/International_Consortium_for_the_Advancement_of_Academic_Publication","Ask","Ask"
"Yes","International Water Association","International Water Association","","No","Yes","Yes","No","No","No","Yes","No","Yes","Yes","https://tal.scholarsportal.info/alberta/International_Water_Association","Ask","Ask"
"Yes","IOP Journals","Institute of Physics","CRKN","Yes","Yes","Yes","No","Yes","No","Ask","Yes","Yes","Yes","https://tal.scholarsportal.info/alberta/IOP_Journals","Yes","Yes"
"Yes","IOPP Journals","IOPP","CRKN","Yes","Yes","Yes","No","No","No","Yes","Yes","Yes","Yes","https://tal.scholarsportal.info/alberta/IOPP_Journals","Ask","Ask"
"Yes","John Libbey EUROTEXT","John Libbey","UofA","No","No","Yes","No","No","No","No","No","No","Yes","https://tal.scholarsportal.info/alberta/John_Libbey_EUROTEXT","Ask","Ask"
"Yes","John Libbey Eurotext","John Libbey EUROTEXT","UofA","No","No","Yes","No","No","No","No","No","No","Yes","https://tal.scholarsportal.info/alberta/john_libbey","Ask","Ask"
"Yes","Journal Citation Reports","Thomson Reuters","CRKN","Yes","Yes","Yes","No","No","No","Yes","No","Yes","Yes","https://tal.scholarsportal.info/alberta/Journal_Citation_Reports","Ask","Ask"
"Yes","Journal of Immunology","American Association of Immunologists","UofA","No","Yes","Yes","No","No","No","No","No","No","Yes","https://tal.scholarsportal.info/alberta/J_Immunology","Ask","Ask"
"Yes","Journal of Neurosurgery","Journal of Neurosurgery","UofA","No","No","Yes","No","No","No","Yes","No","Yes","Yes","https://tal.scholarsportal.info/alberta/Journal_of_Neurosurgery","Ask","Ask"
"Yes","Journal of Rheumatology","Journal of Rheumatology Publishing Company","UofA","No","No","Yes","No","No","No","Ask","No","Ask","Yes","https://tal.scholarsportal.info/alberta/Journal_of_Rheumatology","Ask","Ask"
"Yes","Journals","[Generic]","UofA","No","No","Yes","No","No","No","No","No","No","Yes","https://tal.scholarsportal.info/alberta/Journals","Ask","Ask"
"Yes","Journals (Publisher Site)","[Generic]","UofA","No","No","Yes","No","No","No","No","No","No","Yes","https://tal.scholarsportal.info/alberta/Journals_Publisher_Site","Ask","Ask"
"Yes","JSTOR","JSTOR","UofA","No","No","Yes","No","No","No","Yes","No","No","Yes","https://tal.scholarsportal.info/alberta/JSTOR","Ask","Ask"
"Yes","JSTOR Archive - 8 Collections","JSTOR","CRKN","Ask","No","Yes","No","Yes","No","Yes","No","Yes","Yes","https://tal.scholarsportal.info/alberta/JSTOR_Archive_8_Collections","Ask","Ask"
"Yes","Karger Journals","Karger","UofA","No","No","Yes","No","No","No","Ask","No","Ask","Yes","https://tal.scholarsportal.info/alberta/Karger_Journals","Ask","Ask"
"Yes","Kluwer Law International","OCUL","UofA","No","No","Yes","No","No","No","No","No","No","Yes","https://tal.scholarsportal.info/alberta/Kluwer_Law_International","Ask","Ask"
"Yes","Knovel","Knovel","UofA","No","No","Yes","No","No","No","No","No","No","Yes","https://tal.scholarsportal.info/alberta/Knovel","Ask","Ask"
"Yes","Landes Bioscience","Landes Bioscience","UofA","No","No","Yes","No","Yes","No","Yes","No","Yes","Yes","https://tal.scholarsportal.info/alberta/Landes_Bioscience","Ask","Ask"
"Yes","LegalTrac","Gale Group","UofA","No","Yes","Yes","No","No","No","No","No","No","Yes","https://tal.scholarsportal.info/alberta/LegalTrac","Ask","Ask"
"Yes","Lippincott Williams &amp; Wilkins","Ovid","UofA","No","Yes","Yes","No","Yes","No","Yes","No","Yes","Yes","https://tal.scholarsportal.info/alberta/Lippincott_Williams_Wilkins","Ask","Ask"
"Yes","London Low Life","Adam Matthew","UofA","Yes","Yes","Yes","No","No","No","No","No","No","Yes","https://tal.scholarsportal.info/alberta/London_Low_Life","Ask","Ask"
"Yes","Longwoods Publishing","Longwoods Publishing","UofA","No","No","Yes","No","No","No","No","No","No","Yes","https://tal.scholarsportal.info/alberta/Longwoods_Publishing","Ask","Ask"
"Yes","Lyell Collection","SERU","UofA","No","No","Yes","No","No","No","Yes","No","Yes","Yes","https://tal.scholarsportal.info/alberta/Lyell_Collection","Ask","Ask"
"Yes","Making of Modern Law","Gale Group","UofA","No","Yes","Yes","No","No","No","No","No","No","Yes","https://tal.scholarsportal.info/alberta/MakingModernLaw","Ask","Ask"
"Yes","Making of the Modern World","Gale Group","UofA","No","Yes","Yes","No","No","No","No","No","No","Yes","https://tal.scholarsportal.info/alberta/MakingModernWorld","Ask","Ask"
"Yes","Manchester University Press Journals","Manchester University Press","UofA","No","No","Yes","No","No","No","No","No","No","Yes","https://tal.scholarsportal.info/alberta/Manchester_University_Press_Journals","Ask","Ask"
"Yes","Maney Publishing","Ingenta","UofA","Yes","Yes","Yes","No","No","No","Ask","No","Ask","Yes","https://tal.scholarsportal.info/alberta/Maney_Publishing","Ask","Ask"
"Yes","Mary Ann Liebert Publishers","Mary Ann Liebert","UofA","Yes","Yes","Yes","No","No","No","Ask","No","Ask","Yes","https://tal.scholarsportal.info/alberta/Mary_Ann_Liebert","Ask","Ask"
"Yes","MathSciNet","American Mathematical Society","CRKN","Yes","Yes","Yes","No","No","No","Yes","No","Yes","Yes","https://tal.scholarsportal.info/alberta/MathSciNet","Ask","No"
"Yes","McGraw-Hill (HKN)","McGraw-Hill","UofA","No","No","Yes","No","No","No","No","No","No","Yes","https://tal.scholarsportal.info/alberta/mcgraw_hkn","Ask","Ask"
"Yes","Medicines Complete","","UofA","No","No","Yes","No","No","No","No","No","No","Yes","https://tal.scholarsportal.info/alberta/Medicines_Complete","Ask","Ask"
"Yes","MIT Press","MIT Press","UofA","No","No","Yes","No","No","No","Yes","No","Yes","Yes","https://tal.scholarsportal.info/alberta/MIT_Press","Ask","Ask"
"Yes","Morgan and Claypool","Morgan and Claypool","UofA","Yes","Yes","Yes","No","No","No","Yes","No","Yes","Yes","https://tal.scholarsportal.info/alberta/Morgan_Claypool","Ask","Ask"
"Yes","Nature","Nature","UofA","Yes","Yes","Yes","No","No","No","Ask","No","Ask","Yes","https://tal.scholarsportal.info/alberta/Nature","Ask","Ask"
"Yes","New England Journal of Medicine","Massachusetts Medical Society","UofA","No","No","Yes","No","No","No","Ask","No","Ask","Yes","https://tal.scholarsportal.info/alberta/New_England_Journal_of_Medicine","Ask","Ask"
"Yes","Newsbank Readex","Newsbank","UofA","No","No","Yes","No","No","No","No","No","No","Yes","https://tal.scholarsportal.info/alberta/Newsbank_Readex","Ask","Ask"
"Yes","NOW Publishers","NOW Publishers","UofA","No","Yes","Yes","No","Yes","Yes","Ask","Yes","Ask","Yes","https://tal.scholarsportal.info/alberta/NOW_Publishers","Ask","Ask"
"Yes","NRC Research Press","National Research Council of Canada (NRC)","CRKN","Yes","Yes","Yes","Yes","Yes","No","Yes","No","Yes","Yes","https://tal.scholarsportal.info/alberta/NRC_Research_Press","Ask","Ask"
"Yes","OECD","OECD","UofA","Yes","Yes","Yes","No","No","No","Ask","No","Ask","Yes","https://tal.scholarsportal.info/alberta/OECD","Ask","Ask"
"Yes","Optical Society of America","Optical Society of America","UofA","No","No","Yes","No","No","No","Yes","No","Yes","Yes","https://tal.scholarsportal.info/alberta/Optical_Society_America","Ask","Ask"
"Yes","Ovid Online","Ovid","UofA","No","Yes","Yes","No","Yes","No","Yes","No","Yes","Yes","https://tal.scholarsportal.info/alberta/Ovid_Onlilne","Ask","Ask"
"Yes","Oxford Digital Reference Shelf","Oxford University Press (OUP)","UofA","No","Yes","Yes","No","No","No","Yes","No","Yes","Yes","https://tal.scholarsportal.info/alberta/Oxford_Digital_Reference_Shelf","Ask","Ask"
"Yes","Oxford Journals Digital Archive","Oxford University Press (OUP)","CRKN","Yes","Yes","Yes","No","Yes","No","Yes","No","Yes","Yes","https://tal.scholarsportal.info/alberta/Oxford_Journals_Digital_Archive","Ask","Ask"
"Yes","Oxford Journals Digital Archive Upgrade","Oxford University Press (OUP)","CRKN","Yes","Yes","Yes","No","Yes","No","Yes","No","Yes","Yes","https://tal.scholarsportal.info/alberta/Oxford_Journals_Digital_Archive_Upgrade","Ask","Ask"
"Yes","Oxford Journals Online","Oxford University Press (OUP)","CRKN","Yes","Yes","Yes","No","Yes","No","Yes","Yes","Yes","Yes","https://tal.scholarsportal.info/alberta/Oxford_Journals_Online","Yes","Yes"
"Yes","Oxford Reference Online","Oxford University Press (OUP)","UofA_TAL","Yes","Yes","Yes","No","No","No","Yes","No","Yes","Yes","https://tal.scholarsportal.info/alberta/Oxford_Reference_Online","Ask","Ask"
"Yes","Palgrave","Palgrave Macmillan","UofA","Yes","Yes","Yes","No","No","No","Ask","No","Ask","Yes","https://tal.scholarsportal.info/alberta/Palgrave","Ask","Ask"
"Yes","Palgrave Connect (COPPUL)","Palgrave Publishing","UofA_COPPUL","Yes","Yes","Yes","No","No","No","Ask","Ask","Ask","Yes","https://tal.scholarsportal.info/alberta/palgrave_coppul","No","No"
"Yes","Peeters","Peeters Online Journals","UofA","No","No","Yes","No","No","No","No","No","No","Yes","https://tal.scholarsportal.info/alberta/Peeters","Ask","Ask"
"Yes","Periodicals Archive Online (Collections 1-6)","Micromedia Proquest","CRKN","Yes","Yes","Yes","Yes","Yes","No","Yes","Yes","Yes","Yes","https://tal.scholarsportal.info/alberta/Periodicals_Archive_Online","Ask","Ask"
"Yes","Physiological Society","Physiological Society","UofA","No","No","Yes","No","No","No","Yes","Yes","Yes","Yes","https://tal.scholarsportal.info/alberta/Physiological_Society","Ask","Ask"
"Yes","Pion","Pion","UofA","No","No","Yes","No","No","No","Ask","No","Ask","Yes","https://tal.scholarsportal.info/alberta/Pion","Ask","Ask"
"Yes","Plant Management Network","Plant Management Network","UofA","No","No","Yes","No","No","No","No","No","No","Yes","https://tal.scholarsportal.info/alberta/Plant_Management","Ask","Ask"
"Yes","POIESIS","POIESIS","UofA","No","No","Yes","No","No","No","No","No","No","Yes","https://tal.scholarsportal.info/alberta/POIESIS","Ask","Ask"
"Yes","Portico Archive","Portico Archive","UofA","No","No","Yes","No","No","No","No","No","No","Yes","https://tal.scholarsportal.info/alberta/Portico_Archive","Ask","Ask"
"Yes","Poultry Science Association","","UofA","No","No","Yes","No","No","No","Ask","No","Ask","Yes","https://tal.scholarsportal.info/alberta/Poultry_Science_Association","Ask","Ask"
"Yes","Project Euclid","Project Euclid","UofA_COPPUL","No","No","Yes","No","Yes","No","Yes","No","Yes","Yes","https://tal.scholarsportal.info/alberta/Project_Euclid","Ask","Ask"
"Yes","Project Muse","Johns Hopkins University Press","UofA","No","No","Yes","No","No","No","Yes","No","Yes","Yes","https://tal.scholarsportal.info/alberta/Project_Muse","Ask","Ask"
"Yes","Project Muse Ebooks","","UofA","No","No","Yes","No","No","No","Yes","No","Yes","Yes","https://tal.scholarsportal.info/alberta/Project_Muse_Ebooks","Ask","Ask"
"Yes","ProQuest (TAL)","ProQuest","UofA_TAL","Yes","Yes","Yes","No","No","No","Ask","No","Ask","Yes","https://tal.scholarsportal.info/alberta/ProQuest_TAL","Ask","Ask"
"Yes","ProQuest (UofA)","ProQuest","UofA","No","No","Yes","No","No","No","Yes","No","Yes","Yes","https://tal.scholarsportal.info/alberta/Proquest","Ask","Ask"
"Yes","ProQuest Canadian Serials","ProQuest","UofA","No","No","Yes","No","No","No","Yes","No","Yes","Yes","https://tal.scholarsportal.info/alberta/ProQuest_Canadian_Serials","Ask","Ask"
"Yes","Proquest Dissertations & Theses","ProQuest","UofA","No","No","Yes","No","No","No","Yes","No","No","Yes","https://tal.scholarsportal.info/alberta/Proquest_Dissertations","Ask","Ask"
"Yes","ProQuest Nursing & Allied Health Source","ProQuest","UofA","No","No","Yes","No","No","No","Yes","No","Yes","Yes","https://tal.scholarsportal.info/alberta/ProQuest_Nursing_Allied_Health_Source","Ask","Ask"
"Yes","PsycARTICLES","American Psychological Association","UofA_HKN","Yes","Yes","Yes","No","No","No","Yes","No","Yes","Yes","https://tal.scholarsportal.info/alberta/PsycARTICLES","Ask","Ask"
"Yes","PsycBooks","[Generic]","UofA","Yes","Yes","Yes","No","No","No","Yes","No","Yes","Yes","https://tal.scholarsportal.info/alberta/PsycBooks","Ask","Ask"
"Yes","Public Library of Science","Public Library of Science","UofA","Yes","Yes","Yes","No","No","No","Yes","No","Yes","Yes","https://tal.scholarsportal.info/alberta/Public_Library_of_Science","Ask","Ask"
"Yes","PubMed Central","PubMed","UofA","No","No","Yes","No","No","No","Yes","No","Yes","Yes","https://tal.scholarsportal.info/alberta/PubMed_Central","Ask","Ask"
"Yes","Quicklaw","Quicklaw Inc.","UofA_TAL","No","No","Yes","No","No","No","No","No","No","Yes","https://tal.scholarsportal.info/alberta/Quicklaw","Ask","Ask"
"Yes","Quintessence Publishing","Quintessence Publishing","UofA","No","No","Yes","No","No","No","Ask","Ask","Ask","Yes","https://tal.scholarsportal.info/alberta/Quintessence","Ask","Ask"
"Yes","Radiological Society of North America","Radiological Society of North America","UofA","No","No","Yes","No","No","No","Ask","No","Ask","Yes","https://tal.scholarsportal.info/alberta/Radiological_Society_of_North_America","Ask","Ask"
"Yes","REPERE","SSDM","UofA","No","No","Yes","No","No","No","No","No","No","Yes","https://tal.scholarsportal.info/alberta/REPERE","Ask","Ask"
"Yes","Royal Society","Royal Society","UofA","Yes","Yes","Yes","No","No","No","Yes","No","Yes","Yes","https://tal.scholarsportal.info/alberta/Royal_Society","Ask","Ask"
"Yes","Royal Society of Chemistry","Royal Society of Chemistry","UofA","Yes","Yes","Yes","No","No","No","Ask","No","Ask","Yes","https://tal.scholarsportal.info/alberta/Royal_Society_of_Chemistry","Ask","Ask"
"Yes","Royal Society of Chemistry Ebooks","Royal Society of Chemistry","UofA","Yes","Yes","Yes","No","No","No","Ask","No","Ask","Yes","https://tal.scholarsportal.info/alberta/Royal_Society_of_Chemistry_Ebooks","Ask","Ask"
"Yes","Royal Society of Chemistry Electronic Journals","Royal Society of Chemistry","CRKN","Yes","Yes","Yes","Yes","Yes","No","Yes","Yes","Yes","Yes","https://tal.scholarsportal.info/alberta/RSC_Electronic_Journals","Yes","Yes"
"Yes","S. Hirzel Verlag","S. Hirzel Verlag","UofA","No","Yes","Yes","No","No","No","Ask","No","Ask","Yes","https://tal.scholarsportal.info/alberta/S_Hirzel_Verlag","Ask","Ask"
"Yes","Sabin Americana 1500-1926","Gale Group","UofA","No","Yes","Yes","No","No","No","No","No","No","Yes","https://tal.scholarsportal.info/alberta/Sabin_Americana_1500_1926","Ask","Ask"
"Yes","Sabinet","Sabinet","UofA","No","No","Yes","No","No","No","No","No","No","Yes","https://tal.scholarsportal.info/alberta/Sabinet","Ask","Ask"
"Yes","Sage","Sage Publications","UofA","Yes","Yes","Yes","No","No","No","Yes","No","Yes","Yes","https://tal.scholarsportal.info/alberta/Sage","Ask","Ask"
"Yes","SAGE Deep Backfile","Sage Publications","CRKN","Yes","Yes","Yes","Yes","Yes","No","Yes","Yes","Yes","Yes","https://tal.scholarsportal.info/alberta/SAGE_Deep_Backfile","Yes","Yes"
"Yes","SAGE Premier","Sage Publications","CRKN","Yes","Yes","Yes","Yes","Yes","No","Yes","Yes","Yes","Yes","https://tal.scholarsportal.info/alberta/SAGE_Premier","Yes","Yes"
"Yes","Scielo","Scielo","UofA","Yes","Yes","Yes","No","No","No","Yes","No","Yes","Yes","https://tal.scholarsportal.info/alberta/Scielo","Ask","Ask"
"Yes","Science Citation Index Expanded; Social Sciences Citation Index and Arts; Humanities Citation Index","Institute for Scientific Information (ISI)","CRKN","Yes","Yes","Yes","Ask","Yes","No","No","No","No","Yes","https://tal.scholarsportal.info/alberta/SCIE_SSCI_and_ACHI","Ask","No"
"Yes","Science Direct","Elsevier","UofA","Yes","Yes","Yes","No","No","No","Ask","No","Ask","Yes","https://tal.scholarsportal.info/alberta/Science_Direct_Backfiles","Ask","Ask"
"Yes","Science Online","American Association for the Advancement of Science (AAAS)","UofA","No","No","Yes","No","No","No","Yes","No","Yes","Yes","https://tal.scholarsportal.info/alberta/Science_Online","Ask","Ask"
"Yes","Scopus","Elsevier","CRKN","Yes","Yes","Yes","No","No","No","No","No","No","Yes","https://tal.scholarsportal.info/alberta/Scopus","Yes","No"
"Yes","Seru","","UofA","No","No","Yes","No","No","No","Ask","Ask","No","Yes","https://tal.scholarsportal.info/alberta/Seru","Ask","Ask"
"Yes","SIAM","SIAM","UofA","No","No","Yes","No","No","No","No","No","No","Yes","https://tal.scholarsportal.info/alberta/SIAM","Ask","Ask"
"Yes","Smithsonian","Smithsonian","UofA","No","No","Yes","No","No","No","Yes","No","Yes","Yes","https://tal.scholarsportal.info/alberta/Smithsonian","Ask","Ask"
"Yes","Society for Applied Spectroscopy","Society for Applied Spectroscopy","","No","No","Yes","No","No","No","No","No","No","Yes","https://tal.scholarsportal.info/alberta/Society_Applied_Spectroscopy","Ask","Ask"
"Yes","Society for Endocrinology","Society for Endocrinology","UofA","No","No","Yes","No","No","No","Yes","No","Yes","Yes","https://tal.scholarsportal.info/alberta/Society_for_Endocrinology","Ask","Ask"
"Yes","Society for General Microbiology","Society for General Microbiology","UofA","No","No","Yes","No","No","No","No","No","No","Yes","https://tal.scholarsportal.info/alberta/Society_for_General_Microbiology","Ask","Ask"
"Yes","Society for Leukocyte Biology","Society for Leukocyte Biology","","No","No","Yes","No","No","No","No","No","No","Yes","https://tal.scholarsportal.info/alberta/Society_Leukocyte_Biology","Ask","Ask"
"Yes","Society for the Study of Reproduction","Society for the Study of Reproduction","","No","No","Yes","No","No","No","Ask","No","Ask","Yes","https://tal.scholarsportal.info/alberta/Society_Study_Reproduction","Ask","Ask"
"Yes","Society of Exploration Geophysicists","","UofA","Yes","Yes","Yes","No","No","No","Ask","No","Ask","Yes","https://tal.scholarsportal.info/alberta/Society_Exploration_Geophysicists","Ask","Ask"
"Yes","Society of Petroleum Engineers","Society of Petroleum Engineers","UofA","No","No","Yes","No","No","No","Yes","No","Yes","Yes","https://tal.scholarsportal.info/alberta/Society_of_Petroleum_Engineers","Ask","Ask"
"Yes","SORA","SORA","UofA","No","No","Yes","No","No","No","Yes","No","Yes","Yes","https://tal.scholarsportal.info/alberta/SORA","Ask","Ask"
"Yes","SPIE","SPIE","UofA","No","No","Yes","No","No","No","Ask","No","Ask","Yes","https://tal.scholarsportal.info/alberta/SPIE","Ask","Ask"
"Yes","Springer Ebooks","Springer","UofA","Yes","Yes","Yes","No","No","No","Ask","No","Ask","Yes","https://tal.scholarsportal.info/alberta/Springer_Ebooks","Ask","Ask"
"Yes","Springer Online Journal Archive","Springer","CRKN","Yes","Yes","Yes","No","No","No","Yes","No","Yes","Yes","https://tal.scholarsportal.info/alberta/Springer_Online_Journal_Archive","Ask","Ask"
"Yes","SpringerLink Online Journals","Springer","CRKN","Yes","Yes","Yes","No","Yes","No","Yes","Yes","Yes","Yes","https://tal.scholarsportal.info/alberta/SpringerLink_Online_Journals","Ask","Yes"
"Yes","STAT!Ref","TetonData Systems","UofA","No","No","Yes","No","No","No","No","No","No","Yes","https://tal.scholarsportal.info/alberta/STATRef","Ask","Ask"
"Yes","Taylor & Francis Journals Online S & T Collection","Taylor and Francis Group","CRKN","Yes","Yes","Yes","No","No","No","Yes","Yes","Yes","Yes","https://tal.scholarsportal.info/alberta/Taylor_and_Francis_Journals_Online_SandT_Collection","Ask","Ask"
"Yes","Taylor & Francis Journals Online SSH Collection","Taylor and Francis Group","CRKN","Yes","Yes","Yes","No","No","No","Yes","Yes","Yes","Yes","https://tal.scholarsportal.info/alberta/Taylor_and_Francis_Journals_Online_SSH_Collection","Ask","Ask"
"Yes","Taylor & Francis Journals Online Complete Collection","Taylor and Francis Group","CRKN","Yes","Yes","Yes","No","Yes","No","Yes","No","Yes","Yes","https://tal.scholarsportal.info/alberta/Taylor_and_Francis_Journals_Online","Ask","Ask"
"Yes","Theatre in Video","Alexander Street Press/Gibson Library Connections","CRKN","Yes","Yes","Yes","Ask","Yes","No","Yes","No","Yes","Yes","https://tal.scholarsportal.info/alberta/Theatre_In_Video","Ask","Ask"
"Yes","Thieme Ebooks","Thieme Medical Publishers","UofA","No","No","Yes","No","No","No","Yes","No","Yes","Yes","https://tal.scholarsportal.info/alberta/Thieme_Ebooks","Ask","Ask"
"Yes","Thieme Ejournals","Thieme Medical Publishers","UofA","No","No","Yes","No","No","No","Yes","No","Yes","Yes","https://tal.scholarsportal.info/alberta/Thieme_Ejournals","Ask","Ask"
"Yes","Thomas Telford Journals","Thomas Telford","UofA","No","Yes","Yes","No","No","No","Ask","No","Ask","Yes","https://tal.scholarsportal.info/alberta/Thomas_Telford_Journals","Ask","Ask"
"Yes","Times Digital Archive","Gale Cengage Learning","CRKN","No","No","Yes","No","Yes","No","No","No","No","Yes","https://tal.scholarsportal.info/alberta/Times_Digital_Archive","Ask","No"
"Yes","Transportation Research Board","Transportation Research Board","UofA","No","Yes","Yes","No","No","No","Yes","No","Yes","Yes","https://tal.scholarsportal.info/alberta/Transportation_Research","Ask","Ask"
"Yes","Turpion","Turpion","UofA","Yes","Yes","Yes","No","No","No","Yes","No","Yes","Yes","https://tal.scholarsportal.info/alberta/Turpion","Ask","Ask"
"Yes","U.S. History in Context","Gale Cengage Learning","UofA_TAL","Yes","Yes","Yes","No","No","No","Yes","No","Yes","Yes","https://tal.scholarsportal.info/alberta/Gale_TAL2","Ask","Ask"
"Yes","University of California","","","Yes","Yes","Yes","No","No","No","Yes","Yes","Yes","Yes","https://tal.scholarsportal.info/alberta/UniversityCalifornia","No","No"
"Yes","University of Chicago Press","University of Chicago Press","UofA","Yes","Yes","Yes","No","No","No","Yes","No","Yes","Yes","https://tal.scholarsportal.info/alberta/chicago","Yes","No"
"Yes","University of Toronto Press","","","Yes","Yes","Yes","No","No","No","Yes","No","Yes","Yes","https://tal.scholarsportal.info/alberta/toronto","No","No"
"Yes","Vathek","Vathek","UofA","No","No","Yes","No","No","No","Ask","Ask","Ask","Yes","https://tal.scholarsportal.info/alberta/Vathek","Ask","Ask"
"Yes","Wageningen Academic","Wageningen Academic","UofA","Yes","Yes","Yes","No","No","No","Yes","Yes","Yes","Yes","https://tal.scholarsportal.info/alberta/Wageningen","Ask","Ask"
"Yes","Web of Knowledge Journal Citation Reports","Thomson Reuters","CRKN","Yes","Yes","Yes","Ask","Yes","No","No","No","Yes","Yes","https://tal.scholarsportal.info/alberta/Web_of_Knowledge","Ask","No"
"Yes","Web of Knowledge Zoological Record","Thomson Reuters","CRKN","Yes","Yes","Yes","Ask","Yes","No","No","No","No","Yes","https://tal.scholarsportal.info/alberta/Web_of_Knowledge_Zoological_Record","Ask","No"
"Yes","Web of Knowledge Biosis Citation Index","Thomson Reuters","CRKN","Yes","Yes","Yes","Ask","Yes","No","No","No","No","Yes","https://tal.scholarsportal.info/alberta/Web_of_Knowledge_Biosis_Citation_Index","Ask","No"
"Yes","Web of Knowledge Derwent Innovations Index","Thomson Reuters","CRKN","Yes","Yes","Yes","Ask","Yes","No","No","No","No","Yes","https://tal.scholarsportal.info/alberta/Web_of_Knowledge_Derwent_Innovations_Index","Ask","No"
"Yes","Web of Science","Thomson Reuters","CRKN","Yes","Yes","Yes","No","Yes","No","Yes","No","Yes","Yes","https://tal.scholarsportal.info/alberta/Web_of_Science","Ask","Ask"
"Yes","Westlaw","Carswell","UofA","No","No","Yes","No","No","No","No","No","No","Yes","https://tal.scholarsportal.info/alberta/Westlaw","Ask","Ask"
"Yes","Wildlife Disease Association","Wildlife Disease Association","UofA","No","No","Yes","No","No","No","Ask","No","Ask","Yes","https://tal.scholarsportal.info/alberta/Wildlife_Disease_Association","Ask","Ask"
"Yes","Wiley-Blackwell","Wiley","UofA","Yes","Yes","Yes","No","No","No","Yes","No","Yes","Yes","https://tal.scholarsportal.info/alberta/WileyBlackwell","Ask","Ask"
"Yes","Wiley-Blackwell Electronic Journals","Wiley","CRKN","Yes","Yes","Yes","No","Yes","No","Yes","Yes","Yes","Yes","https://tal.scholarsportal.info/alberta/Wiley_Blackwell_Electronic_Journals","Yes","Yes"
"Yes","Wilson Art Full Text","HW Wilson","UofA_LHCADL","Yes","Yes","Yes","No","No","No","Yes","Yes","Yes","Yes","https://tal.scholarsportal.info/alberta/Wilson_Art_Full_Text","Ask","Ask"
"Yes","World Bank","World Bank","UofA","No","No","Yes","No","No","No","No","No","No","Yes","https://tal.scholarsportal.info/alberta/World_Bank","Ask","Ask"
"Yes","World History in Context","Gale Cengage Learning","UofA_LHCADL","Yes","Yes","Yes","No","No","No","Yes","Yes","Yes","Yes","https://tal.scholarsportal.info/alberta/World_History_In_Context","Ask","Ask"
"Yes","World Scientific Journals","World Scientific Publishing","UofA","No","No","Yes","No","No","No","No","No","No","Yes","https://tal.scholarsportal.info/alberta/World_Scientific_Journals","Ask","Ask"
